"seqnames","start","end","width","strand","source","type","score","phase","gene_id","gene_version","gene_name","gene_source","gene_biotype","havana_gene","havana_gene_version","transcript_id","transcript_version","transcript_name","transcript_source","transcript_biotype","havana_transcript","havana_transcript_version","tag","transcript_support_level","exon_number","exon_id","exon_version","ccds_id","protein_id","protein_version"
"10",122895368,122941449,46082,"+","havana","transcript",NA,NA,"ENSMUSG00000034613","12","Ppm1h","ensembl_havana","protein_coding","OTTMUSG00000032921","6","ENSMUST00000162969","1","Ppm1h-208","havana","protein_coding","OTTMUST00000082105","3","basic","3",NA,NA,NA,NA,NA,NA
"10",50292646,50296142,3497,"-","havana","gene",NA,NA,"ENSMUSG00000110779","1","Gm48271","havana","TEC","OTTMUSG00000063751","1",NA,NA,NA,NA,NA,NA,NA,NA,NA,NA,NA,NA,NA,NA,NA
"10",5020917,5550678,529762,"-","havana","transcript",NA,NA,"ENSMUSG00000096054","3","Syne1","ensembl_havana","protein_coding","OTTMUSG00000063506","2","ENSMUST00000215295","1","Syne1-205","havana","protein_coding","OTTMUST00000154809","1","basic","5",NA,NA,NA,NA,NA,NA
"10",59532846,59616675,83830,"-","havana","transcript",NA,NA,"ENSMUSG00000009647","13","Mcu","ensembl_havana","protein_coding","OTTMUSG00000034290","2","ENSMUST00000161435","1","Mcu-204","havana","nonsense_mediated_decay","OTTMUST00000087188","1",NA,"1",NA,NA,NA,NA,NA,NA
"10",79793667,79817398,23732,"+","havana","transcript",NA,NA,"ENSMUSG00000035863","14","Palm","ensembl_havana","protein_coding","OTTMUSG00000064915","1","ENSMUST00000218631","1","Palm-204","havana","protein_coding","OTTMUST00000158080","1","basic","2",NA,NA,NA,NA,NA,NA
"10",80691206,80701977,10772,"-","havana","transcript",NA,NA,"ENSMUSG00000003348","10","Mob3a","ensembl_havana","protein_coding","OTTMUSG00000065007","1","ENSMUST00000218090","1","Mob3a-202","havana","protein_coding","OTTMUST00000158334","1","mRNA_end_NF","3",NA,NA,NA,NA,NA,NA
"10",82985498,83195900,210403,"+","ensembl_havana","gene",NA,NA,"ENSMUSG00000034612","7","Chst11","ensembl_havana","protein_coding","OTTMUSG00000027827","1",NA,NA,NA,NA,NA,NA,NA,NA,NA,NA,NA,NA,NA,NA,NA
"10",82985498,83195900,210403,"+","ensembl_havana","transcript",NA,NA,"ENSMUSG00000034612","7","Chst11","ensembl_havana","protein_coding","OTTMUSG00000027827","1","ENSMUST00000040110","7","Chst11-201","ensembl_havana","protein_coding","OTTMUST00000068883","1","basic","1",NA,NA,NA,"CCDS24074",NA,NA
"10",8204809,8518825,314017,"-","ensembl_havana","transcript",NA,NA,"ENSMUSG00000047712","8","Ust","ensembl_havana","protein_coding","OTTMUSG00000064257","1","ENSMUST00000061601","8","Ust-201","ensembl_havana","protein_coding","OTTMUST00000156892","1","basic","1",NA,NA,NA,"CCDS35835",NA,NA
"10",89787200,89818402,31203,"+","havana","transcript",NA,NA,"ENSMUSG00000019951","10","Uhrf1bp1l","ensembl_havana","protein_coding","OTTMUSG00000064011","1","ENSMUST00000218776","1","Uhrf1bp1l-203","havana","nonsense_mediated_decay","OTTMUST00000156500","1","mRNA_start_NF","1",NA,NA,NA,NA,NA,NA
"11",108191858,108343648,151791,"-","havana","transcript",NA,NA,"ENSMUSG00000050965","14","Prkca","ensembl_havana","protein_coding","OTTMUSG00000003131","2","ENSMUST00000134725","1","Prkca-203","havana","processed_transcript","OTTMUST00000006451","1",NA,"2",NA,NA,NA,NA,NA,NA
"11",115900202,115905713,5512,"+","havana","transcript",NA,NA,"ENSMUSG00000048442","15","Smim5","havana","protein_coding","OTTMUSG00000003651","2","ENSMUST00000131566","1","Smim5-201","havana","protein_coding","OTTMUST00000007889","2","basic","2",NA,NA,NA,NA,NA,NA
"11",121616197,121673153,56957,"-","ensembl_havana","gene",NA,NA,"ENSMUSG00000046605","14","B3gntl1","ensembl_havana","protein_coding","OTTMUSG00000004680","1",NA,NA,NA,NA,NA,NA,NA,NA,NA,NA,NA,NA,NA,NA,NA
"11",17232915,17233796,882,"+","ensembl_havana","three_prime_utr",NA,NA,"ENSMUSG00000078970","5","Wdr92","ensembl_havana","protein_coding","OTTMUSG00000005194","2","ENSMUST00000046955","6","Wdr92-201","ensembl_havana","protein_coding","OTTMUST00000011609","1","basic","1",NA,NA,NA,"CCDS24450",NA,NA
"11",25232626,25367137,134512,"+","ensembl_havana","gene",NA,NA,"ENSMUSG00000033015","16","4933427E13Rik","ensembl_havana","lincRNA","OTTMUSG00000005298","4",NA,NA,NA,NA,NA,NA,NA,NA,NA,NA,NA,NA,NA,NA,NA
"11",60353357,60353432,76,"+","havana","exon",NA,NA,"ENSMUSG00000056598","16","Drc3","ensembl_havana","protein_coding","OTTMUSG00000005813","1","ENSMUST00000128905","7","Drc3-205","havana","processed_transcript","OTTMUST00000012886","1",NA,"3","1","ENSMUSE00000589968","3",NA,NA,NA
"11",98939711,98974942,35232,"+","ensembl","transcript",NA,NA,"ENSMUSG00000037992","16","Rara","ensembl_havana","protein_coding","OTTMUSG00000006440","1","ENSMUST00000164748","7","Rara-207","ensembl","protein_coding",NA,NA,"basic","1",NA,NA,NA,"CCDS36304",NA,NA
"12",100276609,100300908,24300,"+","havana","transcript",NA,NA,"ENSMUSG00000113679","1","Gm10432","havana","processed_transcript","OTTMUSG00000066050","1","ENSMUST00000223300","1","Gm10432-202","havana","antisense","OTTMUST00000160545","1","basic","1",NA,NA,NA,NA,NA,NA
"12",13163629,13163763,135,"-","ensembl","gene",NA,NA,"ENSMUSG00000064717","1","Gm24208","ensembl","snoRNA",NA,NA,NA,NA,NA,NA,NA,NA,NA,NA,NA,NA,NA,NA,NA,NA,NA
"12",17445104,17446443,1340,"+","havana","exon",NA,NA,"ENSMUSG00000113246","1","Gm36752","havana","lincRNA","OTTMUSG00000066813","1","ENSMUST00000220527","1","Gm36752-201","havana","lincRNA","OTTMUST00000162043","1","basic","5","3","ENSMUSE00001414293","1",NA,NA,NA
"12",26485905,26486791,887,"-","havana","gene",NA,NA,"ENSMUSG00000113059","1","Gm46344","havana","processed_pseudogene","OTTMUSG00000067136","1",NA,NA,NA,NA,NA,NA,NA,NA,NA,NA,NA,NA,NA,NA,NA
"12",28735508,28750466,14959,"-","havana","transcript",NA,NA,"ENSMUSG00000020628","16","Trappc12","ensembl_havana","protein_coding","OTTMUSG00000066496","2","ENSMUST00000221335","1","Trappc12-204","havana","retained_intron","OTTMUST00000161531","1",NA,"1",NA,NA,NA,NA,NA,NA
"12",38973722,38974266,545,"-","havana","exon",NA,NA,"ENSMUSG00000113092","1","Gm34662","havana","lincRNA","OTTMUSG00000066323","1","ENSMUST00000220753","1","Gm34662-202","havana","lincRNA","OTTMUST00000161144","1","basic","5","2","ENSMUSE00001419863","1",NA,NA,NA
"12",41024329,41955242,930914,"+","havana","transcript",NA,NA,"ENSMUSG00000056899","10","Immp2l","ensembl_havana","protein_coding","OTTMUSG00000033105","2","ENSMUST00000134965","7","Immp2l-203","havana","protein_coding","OTTMUST00000082746","1","basic","5",NA,NA,NA,"CCDS83961",NA,NA
"12",4629549,4713950,84402,"+","havana","transcript",NA,NA,"ENSMUSG00000020640","10","Itsn2","ensembl_havana","protein_coding","OTTMUSG00000065220","2","ENSMUST00000219832","1","Itsn2-214","havana","retained_intron","OTTMUST00000159034","1",NA,"1",NA,NA,NA,NA,NA,NA
"12",49776115,49776775,661,"-","havana","exon",NA,NA,"ENSMUSG00000112605","1","Gm7476","havana","processed_pseudogene","OTTMUSG00000065334","1","ENSMUST00000220112","1","Gm7476-201","havana","processed_pseudogene","OTTMUST00000159181","1","basic","NA","1","ENSMUSE00001406037","1",NA,NA,NA
"13",13590397,13778803,188407,"+","ensembl_havana","gene",NA,NA,"ENSMUSG00000019726","12","Lyst","ensembl_havana","protein_coding","OTTMUSG00000066744","2",NA,NA,NA,NA,NA,NA,NA,NA,NA,NA,NA,NA,NA,NA,NA
"13",23751126,23751132,7,"+","ensembl_havana","five_prime_utr",NA,NA,"ENSMUSG00000061615","2","H2ac4","ensembl_havana","protein_coding","OTTMUSG00000000580","1","ENSMUST00000078369","2","H2ac4-201","ensembl_havana","protein_coding","OTTMUST00000001170","1","basic","NA",NA,NA,NA,"CCDS26364",NA,NA
"13",51645232,51650660,5429,"+","ensembl_havana","gene",NA,NA,"ENSMUSG00000062248","5","Cks2","ensembl_havana","protein_coding","OTTMUSG00000023833","1",NA,NA,NA,NA,NA,NA,NA,NA,NA,NA,NA,NA,NA,NA,NA
"13",67173218,67173308,91,"+","havana","CDS",NA,0,"ENSMUSG00000058900","5","Rsl1","ensembl_havana","protein_coding","OTTMUSG00000033721","2","ENSMUST00000225334","1","Rsl1-202","havana","nonsense_mediated_decay","OTTMUST00000164522","1",NA,NA,"1",NA,NA,NA,"ENSMUSP00000153578","1"
"13",74494143,74494395,253,"+","havana","exon",NA,NA,"ENSMUSG00000116646","1","Gm49763","havana","antisense","OTTMUSG00000071561","1","ENSMUST00000231421","1","Gm49763-201","havana","antisense","OTTMUST00000173229","1","basic",NA,"1","ENSMUSE00001445903","1",NA,NA,NA
"13",81783523,81783715,193,"+","havana","five_prime_utr",NA,NA,"ENSMUSG00000021537","9","Cetn3","ensembl_havana","protein_coding","OTTMUSG00000068150","1","ENSMUST00000224574","1","Cetn3-206","havana","protein_coding","OTTMUST00000164736","1","mRNA_end_NF",NA,NA,NA,NA,NA,NA,NA
"14",100459423,100479525,20103,"+","havana","transcript",NA,NA,"ENSMUSG00000115821","1","6330576A10Rik","havana","lincRNA","OTTMUSG00000069905","1","ENSMUST00000227740","1","6330576A10Rik-201","havana","lincRNA","OTTMUST00000169230","1","basic",NA,NA,NA,NA,NA,NA,NA
"14",122020058,122021034,977,"+","ensembl_havana","three_prime_utr",NA,NA,"ENSMUSG00000041765","6","Ubac2","ensembl_havana","protein_coding","OTTMUSG00000069828","1","ENSMUST00000039803","6","Ubac2-201","ensembl_havana","protein_coding","OTTMUST00000168924","1","basic","1 (assigned to previous version 5)",NA,NA,NA,"CCDS37019",NA,NA
"14",15697956,15911250,213295,"-","havana","transcript",NA,NA,"ENSMUSG00000114794","1","Gm47782","havana","lincRNA","OTTMUSG00000069044","1","ENSMUST00000225006","1","Gm47782-201","havana","lincRNA","OTTMUST00000167073","1",NA,NA,NA,NA,NA,NA,NA,NA
"14",17121503,17122100,598,"+","havana","exon",NA,NA,"ENSMUSG00000114769","1","Gm48312","havana","processed_pseudogene","OTTMUSG00000068502","1","ENSMUST00000224880","1","Gm48312-201","havana","processed_pseudogene","OTTMUST00000165611","1","basic",NA,"1","ENSMUSE00001426013","1",NA,NA,NA
"14",25480054,25480215,162,"+","havana","exon",NA,NA,"ENSMUSG00000114539","1","Gm47921","havana","sense_intronic","OTTMUSG00000068658","1","ENSMUST00000224666","1","Gm47921-201","havana","sense_intronic","OTTMUST00000165947","1","basic",NA,"1","ENSMUSE00001423480","1",NA,NA,NA
"14",28455521,28476003,20483,"+","havana","transcript",NA,NA,"ENSMUSG00000040640","11","Erc2","ensembl_havana","protein_coding","OTTMUSG00000060924","6","ENSMUST00000224045","1","Erc2-214","havana","processed_transcript","OTTMUST00000166342","1",NA,NA,NA,NA,NA,NA,NA,NA
"14",40906445,40966807,60363,"-","ensembl","transcript",NA,NA,"ENSMUSG00000037824","6","Tspan14","ensembl_havana","protein_coding","OTTMUSG00000068661","1","ENSMUST00000047652","5","Tspan14-201","ensembl","protein_coding",NA,NA,"basic","1",NA,NA,NA,"CCDS26956",NA,NA
"14",66999521,66999725,205,"-","havana","exon",NA,NA,"ENSMUSG00000022051","15","Bnip3l","ensembl_havana","protein_coding","OTTMUSG00000023686","1","ENSMUST00000135703","1","Bnip3l-204","havana","processed_transcript","OTTMUST00000057836","1",NA,"2","1","ENSMUSE00000804071","1",NA,NA,NA
"14",99835518,99835814,297,"-","havana","gene",NA,NA,"ENSMUSG00000087144","1","Gm5958","havana","processed_pseudogene","OTTMUSG00000033795","1",NA,NA,NA,NA,NA,NA,NA,NA,NA,NA,NA,NA,NA,NA,NA
"15",103191544,103239816,48273,"-","ensembl_havana","transcript",NA,NA,"ENSMUSG00000009575","14","Cbx5","ensembl_havana","protein_coding","OTTMUSG00000030240","2","ENSMUST00000118152","7","Cbx5-202","ensembl_havana","protein_coding","OTTMUST00000074866","1","basic","1",NA,NA,NA,"CCDS37231",NA,NA
"15",25622525,25813673,191149,"+","ensembl_havana","gene",NA,NA,"ENSMUSG00000022272","17","Myo10","ensembl_havana","protein_coding","OTTMUSG00000020342","7",NA,NA,NA,NA,NA,NA,NA,NA,NA,NA,NA,NA,NA,NA,NA
"15",26787619,26895518,107900,"-","havana","transcript",NA,NA,"ENSMUSG00000043556","10","Fbxl7","ensembl_havana","protein_coding","OTTMUSG00000070121","2","ENSMUST00000226377","1","Fbxl7-202","havana","retained_intron","OTTMUST00000169719","1",NA,NA,NA,NA,NA,NA,NA,NA
"15",46151698,46151804,107,"-","ensembl","exon",NA,NA,"ENSMUSG00000065312","1","Gm26063","ensembl","snRNA",NA,NA,"ENSMUST00000083378","1","Gm26063-201","ensembl","snRNA",NA,NA,"basic","NA","1","ENSMUSE00000522537","1",NA,NA,NA
"15",48285611,48791989,506379,"-","havana","transcript",NA,NA,"ENSMUSG00000022311","15","Csmd3","ensembl_havana","protein_coding","OTTMUSG00000033335","4","ENSMUST00000160655","1","Csmd3-203","havana","retained_intron","OTTMUST00000083665","2",NA,"1",NA,NA,NA,NA,NA,NA
"15",54250619,54251993,1375,"-","ensembl_havana","three_prime_utr",NA,NA,"ENSMUSG00000063727","3","Tnfrsf11b","ensembl_havana","protein_coding","OTTMUSG00000070413","1","ENSMUST00000079772","3","Tnfrsf11b-201","ensembl_havana","protein_coding","OTTMUST00000170300","1","basic","1",NA,NA,NA,"CCDS27468",NA,NA
"15",73605948,73645345,39398,"-","havana","transcript",NA,NA,"ENSMUSG00000079020","9","Slc45a4","ensembl_havana","protein_coding","OTTMUSG00000032799","3","ENSMUST00000150409","1","Slc45a4-206","havana","processed_transcript","OTTMUST00000081685","1","mRNA_end_NF","3",NA,NA,NA,NA,NA,NA
"15",74400755,74440444,39690,"-","havana","gene",NA,NA,"ENSMUSG00000118581","1","AC119183.1","havana","unitary_pseudogene","OTTMUSG00000074990","1",NA,NA,NA,NA,NA,NA,NA,NA,NA,NA,NA,NA,NA,NA,NA
"16",34049689,34573532,523844,"-","havana","transcript",NA,NA,"ENSMUSG00000061751","16","Kalrn","ensembl_havana","protein_coding","OTTMUSG00000017795","4","ENSMUST00000114961","7","Kalrn-208","havana","processed_transcript","OTTMUST00000043073","2",NA,"5",NA,NA,NA,NA,NA,NA
"16",36963460,36990467,27008,"-","ensembl_havana","transcript",NA,NA,"ENSMUSG00000047746","14","Fbxo40","ensembl_havana","protein_coding","OTTMUSG00000024756","4","ENSMUST00000075869","12","Fbxo40-201","ensembl_havana","protein_coding","OTTMUST00000060962","2","basic","1",NA,NA,NA,"CCDS37337",NA,NA
"16",43982048,44063345,81298,"-","havana","transcript",NA,NA,"ENSMUSG00000036292","14","Gramd1c","ensembl_havana","protein_coding","OTTMUSG00000024653","3","ENSMUST00000214098","1","Gramd1c-204","havana","protein_coding","OTTMUST00000151852","1","basic","5",NA,NA,NA,NA,NA,NA
"16",56477900,56690135,212236,"+","ensembl_havana","transcript",NA,NA,"ENSMUSG00000035258","15","Abi3bp","ensembl_havana","protein_coding","OTTMUSG00000071572","2","ENSMUST00000096012","10","Abi3bp-202","ensembl_havana","protein_coding","OTTMUST00000173257","1","basic","1 (assigned to previous version 9)",NA,NA,NA,"CCDS37361",NA,NA
"16",78546506,78546568,63,"-","havana","CDS",NA,2,"ENSMUSG00000022864","14","D16Ertd472e","ensembl_havana","protein_coding","OTTMUSG00000019868","2","ENSMUST00000114218","1","D16Ertd472e-201","havana","protein_coding","OTTMUST00000047383","1","basic","5","4",NA,NA,"CCDS28278","ENSMUSP00000109856","1"
"16",91055838,91095122,39285,"-","havana","transcript",NA,NA,"ENSMUSG00000039851","11","4932438H23Rik","ensembl_havana","protein_coding","OTTMUSG00000019968","3","ENSMUST00000146047","1","4932438H23Rik-203","havana","protein_coding","OTTMUST00000070220","2","mRNA_end_NF","3",NA,NA,NA,NA,NA,NA
"17",15262714,15269931,7218,"-","havana","exon",NA,NA,"ENSMUSG00000116851","1","Gm35576","havana","lincRNA","OTTMUSG00000071978","1","ENSMUST00000232255","1","Gm35576-201","havana","lincRNA","OTTMUST00000174065","1","basic",NA,"4","ENSMUSE00001447647","1",NA,NA,NA
"17",23193075,23193252,178,"-","havana","five_prime_utr",NA,NA,"ENSMUSG00000002617","14","Zfp40","ensembl_havana","protein_coding","OTTMUSG00000028083","6","ENSMUST00000151447","1","Zfp40-205","havana","protein_coding","OTTMUST00000069560","4","mRNA_end_NF","2",NA,NA,NA,NA,NA,NA
"17",52452575,52453119,545,"-","havana","exon",NA,NA,"ENSMUSG00000117035","1","Gm5094","havana","lincRNA","OTTMUSG00000072497","1","ENSMUST00000233404","1","Gm5094-201","havana","lincRNA","OTTMUST00000175416","1","basic",NA,"3","ENSMUSE00001448830","1",NA,NA,NA
"17",71204676,71248242,43567,"+","ensembl_havana","transcript",NA,NA,"ENSMUSG00000024052","17","Lpin2","ensembl_havana","protein_coding","OTTMUSG00000024753","7","ENSMUST00000126681","7","Lpin2-203","ensembl_havana","protein_coding","OTTMUST00000060991","1","basic","1",NA,NA,NA,"CCDS50177",NA,NA
"17",75178911,75391326,212416,"+","havana","transcript",NA,NA,"ENSMUSG00000001870","16","Ltbp1","ensembl_havana","protein_coding","OTTMUSG00000020204","3","ENSMUST00000112514","1","Ltbp1-202","havana","protein_coding","OTTMUST00000047997","1","basic","5",NA,NA,NA,"CCDS84336",NA,NA
"18",21127201,21300138,172938,"-","ensembl_havana","gene",NA,NA,"ENSMUSG00000042680","8","Garem1","ensembl_havana","protein_coding","OTTMUSG00000072944","1",NA,NA,NA,NA,NA,NA,NA,NA,NA,NA,NA,NA,NA,NA,NA
"18",26916731,26918097,1367,"-","havana","gene",NA,NA,"ENSMUSG00000117456","1","Gm49976","havana","lincRNA","OTTMUSG00000073009","1",NA,NA,NA,NA,NA,NA,NA,NA,NA,NA,NA,NA,NA,NA,NA
"18",37090013,37187657,97645,"+","ensembl_havana","transcript",NA,NA,"ENSMUSG00000103255","1","Pcdhac1","ensembl_havana","protein_coding","OTTMUSG00000050643","1","ENSMUST00000007584","3","Pcdhac1-201","ensembl_havana","protein_coding","OTTMUST00000128393","1","basic","1",NA,NA,NA,"CCDS29167",NA,NA
"18",39906180,39906782,603,"-","havana","exon",NA,NA,"ENSMUSG00000118015","1","Gm41708","havana","lincRNA","OTTMUSG00000073489","1","ENSMUST00000237624","1","Gm41708-201","havana","lincRNA","OTTMUST00000178381","1","basic",NA,"4","ENSMUSE00001455897","1",NA,NA,NA
"18",43320984,43438286,117303,"-","havana","transcript",NA,NA,"ENSMUSG00000024501","20","Dpysl3","ensembl_havana","protein_coding","OTTMUSG00000029636","4","ENSMUST00000121805","8","Dpysl3-204","havana","protein_coding","OTTMUST00000073510","2","basic","1 (assigned to previous version 7)",NA,NA,NA,"CCDS79639",NA,NA
"18",4921726,5119299,197574,"+","havana","transcript",NA,NA,"ENSMUSG00000024236","18","Svil","ensembl_havana","protein_coding","OTTMUSG00000033148","5","ENSMUST00000143254","7","Svil-211","havana","protein_coding","OTTMUST00000082900","2","basic","5",NA,NA,NA,"CCDS84352",NA,NA
"18",69983656,70053588,69933,"-","ensembl_havana","transcript",NA,NA,"ENSMUSG00000024511","15","Rab27b","ensembl_havana","protein_coding","OTTMUSG00000028238","1","ENSMUST00000069749","8","Rab27b-201","ensembl_havana","protein_coding","OTTMUST00000069971","1","basic","1",NA,NA,NA,"CCDS29331",NA,NA
"18",71951906,72351041,399136,"-","havana","transcript",NA,NA,"ENSMUSG00000060534","16","Dcc","ensembl_havana","protein_coding","OTTMUSG00000021996","3","ENSMUST00000126030","1","Dcc-203","havana","retained_intron","OTTMUST00000052229","1",NA,"1",NA,NA,NA,NA,NA,NA
"18",75431224,75697554,266331,"-","ensembl_havana","transcript",NA,NA,"ENSMUSG00000052928","9","Ctif","ensembl_havana","protein_coding","OTTMUSG00000073700","1","ENSMUST00000165559","2","Ctif-201","ensembl_havana","protein_coding","OTTMUST00000178869","1","basic","5 (assigned to previous version 1)",NA,NA,NA,"CCDS37861",NA,NA
"18",89176967,89272229,95263,"+","ensembl_havana","gene",NA,NA,"ENSMUSG00000034028","16","Cd226","ensembl_havana","protein_coding","OTTMUSG00000014908","3",NA,NA,NA,NA,NA,NA,NA,NA,NA,NA,NA,NA,NA,NA,NA
"19",12833355,12833807,453,"+","ensembl_havana","three_prime_utr",NA,NA,"ENSMUSG00000024696","9","Lpxn","ensembl_havana","protein_coding","OTTMUSG00000073769","1","ENSMUST00000025601","7","Lpxn-201","ensembl_havana","protein_coding","OTTMUST00000179003","1","basic","1 (assigned to previous version 6)",NA,NA,NA,"CCDS29638",NA,NA
"19",17562728,17837632,274905,"-","havana","transcript",NA,NA,"ENSMUSG00000024713","16","Pcsk5","ensembl_havana","protein_coding","OTTMUSG00000073882","1","ENSMUST00000235828","1","Pcsk5-204","havana","retained_intron","OTTMUST00000179250","1",NA,NA,NA,NA,NA,NA,NA,NA
"19",18670879,18704222,33344,"+","havana","transcript",NA,NA,"ENSMUSG00000024726","10","Carnmt1","ensembl_havana","protein_coding","OTTMUSG00000073883","1","ENSMUST00000235736","1","Carnmt1-202","havana","nonsense_mediated_decay","OTTMUST00000179254","1",NA,NA,NA,NA,NA,NA,NA,NA
"19",38583368,38652007,68640,"+","havana","transcript",NA,NA,"ENSMUSG00000024998","17","Plce1","ensembl_havana","protein_coding","OTTMUSG00000043393","8","ENSMUST00000182999","1","Plce1-206","havana","protein_coding","OTTMUST00000113868","3","mRNA_end_NF","3",NA,NA,NA,NA,NA,NA
"19",45363833,45363838,6,"+","ensembl_havana","five_prime_utr",NA,NA,"ENSMUSG00000025217","15","Btrc","ensembl_havana","protein_coding","OTTMUSG00000067970","3","ENSMUST00000111936","3","Btrc-202","ensembl_havana","protein_coding","OTTMUST00000164337","1","basic","1 (assigned to previous version 2)",NA,NA,NA,"CCDS38002",NA,NA
"1",10921670,10921760,91,"+","ensembl","exon",NA,NA,"ENSMUSG00000088585","1","Gm22963","ensembl","snoRNA",NA,NA,"ENSMUST00000157960","1","Gm22963-201","ensembl","snoRNA",NA,NA,"basic","NA","1","ENSMUSE00000847095","1",NA,NA,NA
"1",118677435,118685168,7734,"+","ensembl_havana","three_prime_utr",NA,NA,"ENSMUSG00000026380","10","Tfcp2l1","ensembl_havana","protein_coding","OTTMUSG00000049007","1","ENSMUST00000027629","9","Tfcp2l1-201","ensembl_havana","protein_coding","OTTMUST00000125185","1","basic","1",NA,NA,NA,"CCDS35691",NA,NA
"1",118982468,118982588,121,"-","havana","exon",NA,NA,"ENSMUSG00000048402","14","Gli2","ensembl_havana","protein_coding","OTTMUSG00000034815","4","ENSMUST00000159678","2","Gli2-202","havana","processed_transcript","OTTMUST00000088501","2",NA,"3","1","ENSMUSE00000869639","1",NA,NA,NA
"1",131962954,132014486,51533,"+","havana","transcript",NA,NA,"ENSMUSG00000100037","1","Gm29103","havana","processed_transcript","OTTMUSG00000049202","1","ENSMUST00000191034","1","Gm29103-201","havana","processed_transcript","OTTMUST00000125533","1","basic","5",NA,NA,NA,NA,NA,NA
"1",143093347,143094616,1270,"-","havana","gene",NA,NA,"ENSMUSG00000101795","2","Gm5835","havana","processed_pseudogene","OTTMUSG00000049439","2",NA,NA,NA,NA,NA,NA,NA,NA,NA,NA,NA,NA,NA,NA,NA
"1",150100031,150100223,193,"+","ensembl_havana","five_prime_utr",NA,NA,"ENSMUSG00000032487","8","Ptgs2","ensembl_havana","protein_coding","OTTMUSG00000049547","2","ENSMUST00000035065","8","Ptgs2-201","ensembl_havana","protein_coding","OTTMUST00000126288","1","basic","1",NA,NA,NA,"CCDS15353",NA,NA
"1",156678532,156719086,40555,"-","ensembl_havana","gene",NA,NA,"ENSMUSG00000033557","17","Fam20b","ensembl_havana","protein_coding","OTTMUSG00000029656","3",NA,NA,NA,NA,NA,NA,NA,NA,NA,NA,NA,NA,NA,NA,NA
"1",163245119,163248257,3139,"-","ensembl_havana","three_prime_utr",NA,NA,"ENSMUSG00000026586","16","Prrx1","ensembl_havana","protein_coding","OTTMUSG00000037738","3","ENSMUST00000027878","13","Prrx1-201","ensembl_havana","protein_coding","OTTMUST00000097461","2","basic","1",NA,NA,NA,"CCDS15427",NA,NA
"1",17692904,17727646,34743,"-","havana","transcript",NA,NA,"ENSMUSG00000085125","7","Gm16070","havana","antisense","OTTMUSG00000029756","3","ENSMUST00000127328","1","Gm16070-201","havana","antisense","OTTMUST00000073850","1","basic","2",NA,NA,NA,NA,NA,NA
"1",190482845,190483157,313,"-","ensembl","gene",NA,NA,"ENSMUSG00000093064","2","Gm23153","ensembl","misc_RNA",NA,NA,NA,NA,NA,NA,NA,NA,NA,NA,NA,NA,NA,NA,NA,NA,NA
"1",191831358,191833050,1693,"+","ensembl_havana","three_prime_utr",NA,NA,"ENSMUSG00000026622","15","Nek2","ensembl_havana","protein_coding","OTTMUSG00000027018","4","ENSMUST00000027931","7","Nek2-201","ensembl_havana","protein_coding","OTTMUST00000066791","2","basic","1",NA,NA,NA,"CCDS15623",NA,NA
"1",193153111,193172023,18913,"+","ensembl_havana","gene",NA,NA,"ENSMUSG00000026638","15","Irf6","ensembl_havana","protein_coding","OTTMUSG00000033402","3",NA,NA,NA,NA,NA,NA,NA,NA,NA,NA,NA,NA,NA,NA,NA
"1",4490931,4491715,785,"-","ensembl_havana","three_prime_utr",NA,NA,"ENSMUSG00000025902","13","Sox17","ensembl_havana","protein_coding","OTTMUSG00000050014","7","ENSMUST00000027035","9","Sox17-201","ensembl_havana","protein_coding","OTTMUST00000127245","2","basic","1",NA,NA,NA,"CCDS14805",NA,NA
"1",57561298,57564051,2754,"-","havana","gene",NA,NA,"ENSMUSG00000101151","1","Gm17929","havana","processed_pseudogene","OTTMUSG00000047050","1",NA,NA,NA,NA,NA,NA,NA,NA,NA,NA,NA,NA,NA,NA,NA
"1",72858065,72874275,16211,"-","havana","transcript",NA,NA,"ENSMUSG00000026185","8","Igfbp5","ensembl_havana","protein_coding","OTTMUSG00000017306","1","ENSMUST00000137339","1","Igfbp5-202","havana","processed_transcript","OTTMUST00000042009","1",NA,"5",NA,NA,NA,NA,NA,NA
"1",77367185,77369671,2487,"-","ensembl","three_prime_utr",NA,NA,"ENSMUSG00000026235","14","Epha4","ensembl_havana","protein_coding","OTTMUSG00000047778","2","ENSMUST00000027451","12","Epha4-201","ensembl","protein_coding",NA,NA,"basic","1",NA,NA,NA,"CCDS35627",NA,NA
"1",77367185,77369671,2487,"-","ensembl","three_prime_utr",NA,NA,"ENSMUSG00000026235","14","Epha4","ensembl_havana","protein_coding","OTTMUSG00000047778","2","ENSMUST00000027451","12","Epha4-201","ensembl","protein_coding",NA,NA,"basic","1",NA,NA,NA,"CCDS35627",NA,NA
"1",79776116,79776311,196,"+","havana","exon",NA,NA,"ENSMUSG00000026248","9","Mrpl44","ensembl_havana","protein_coding","OTTMUSG00000047890","1","ENSMUST00000189176","1","Mrpl44-202","havana","retained_intron","OTTMUST00000123172","1",NA,"1","1","ENSMUSE00001326686","1",NA,NA,NA
"1",83659550,83911571,252022,"-","havana","transcript",NA,NA,"ENSMUSG00000100580","6","4933436I20Rik","havana","lincRNA","OTTMUSG00000047971","2","ENSMUST00000189405","6","4933436I20Rik-201","havana","lincRNA","OTTMUST00000123329","2","basic","1",NA,NA,NA,NA,NA,NA
"1",94802314,94802472,159,"+","havana","exon",NA,NA,"ENSMUSG00000100518","1","4930440C22Rik","havana","lincRNA","OTTMUSG00000048748","1","ENSMUST00000185490","1","4930440C22Rik-201","havana","lincRNA","OTTMUST00000124760","1","basic","1","4","ENSMUSE00001334623","1",NA,NA,NA
"1",97821095,98095632,274538,"-","ensembl","transcript",NA,NA,"ENSMUSG00000026335","16","Pam","ensembl_havana","protein_coding","OTTMUSG00000034777","2","ENSMUST00000097625","9","Pam-202","ensembl","protein_coding",NA,NA,"basic","5",NA,NA,NA,"CCDS48331",NA,NA
"2",108733212,108734202,991,"-","havana","gene",NA,NA,"ENSMUSG00000083697","1","Gm13914","havana","processed_pseudogene","OTTMUSG00000015059","1",NA,NA,NA,NA,NA,NA,NA,NA,NA,NA,NA,NA,NA,NA,NA
"2",141555676,142392966,837291,"+","havana","transcript",NA,NA,"ENSMUSG00000068205","14","Macrod2","ensembl_havana","protein_coding","OTTMUSG00000015597","3","ENSMUST00000138786","1","Macrod2-210","havana","processed_transcript","OTTMUST00000037045","2",NA,"5",NA,NA,NA,NA,NA,NA
"2",147184083,147331681,147599,"+","havana","transcript",NA,NA,"ENSMUSG00000086509","2","Nkx2-2os","havana","antisense","OTTMUSG00000015691","2","ENSMUST00000136998","2","Nkx2-2os-201","havana","antisense","OTTMUST00000037295","2","basic","1",NA,NA,NA,NA,NA,NA
"2",167298444,167349183,50740,"-","ensembl_havana","gene",NA,NA,"ENSMUSG00000017929","13","B4galt5","ensembl_havana","protein_coding","OTTMUSG00000001180","2",NA,NA,NA,NA,NA,NA,NA,NA,NA,NA,NA,NA,NA,NA,NA
"2",173522586,173528501,5916,"+","ensembl_havana","gene",NA,NA,"ENSMUSG00000027518","3","1700021F07Rik","ensembl_havana","protein_coding","OTTMUSG00000016241","2",NA,NA,NA,NA,NA,NA,NA,NA,NA,NA,NA,NA,NA,NA,NA
"2",178486949,178487366,418,"+","ensembl_havana","three_prime_utr",NA,NA,"ENSMUSG00000039155","15","Cdh26","ensembl_havana","protein_coding","OTTMUSG00000016176","5","ENSMUST00000042092","8","Cdh26-201","ensembl_havana","protein_coding","OTTMUST00000038716","1","basic","1",NA,NA,NA,"CCDS17162",NA,NA
"2",29869544,29871309,1766,"+","havana","transcript",NA,NA,"ENSMUSG00000039787","13","Cercam","ensembl_havana","protein_coding","OTTMUSG00000012691","4","ENSMUST00000134152","1","Cercam-202","havana","protein_coding","OTTMUST00000030259","2","mRNA_start_NF","3",NA,NA,NA,NA,NA,NA
"2",3118685,3227806,109122,"+","havana","transcript",NA,NA,"ENSMUSG00000050530","14","Fam171a1","ensembl_havana","protein_coding","OTTMUSG00000010785","2","ENSMUST00000062934","6","Fam171a1-201","havana","protein_coding","OTTMUST00000025223","2","basic","1",NA,NA,NA,"CCDS84464",NA,NA
"2",4401471,4537735,136265,"+","havana","transcript",NA,NA,"ENSMUSG00000026657","17","Frmd4a","ensembl_havana","protein_coding","OTTMUSG00000010755","10","ENSMUST00000115039","7","Frmd4a-204","havana","retained_intron","OTTMUST00000025126","1",NA,"2",NA,NA,NA,NA,NA,NA
"2",45399382,45404035,4654,"+","havana","exon",NA,NA,"ENSMUSG00000085591","1","Gm13479","havana","lincRNA","OTTMUSG00000012363","1","ENSMUST00000130773","1","Gm13479-201","havana","lincRNA","OTTMUST00000029438","1","basic","1","2","ENSMUSE00000799076","1",NA,NA,NA
"2",6664003,7081207,417205,"-","havana","transcript",NA,NA,"ENSMUSG00000002107","18","Celf2","ensembl_havana","protein_coding","OTTMUSG00000011788","6","ENSMUST00000114923","2","Celf2-203","havana","protein_coding","OTTMUST00000027852","4","basic","3",NA,NA,NA,NA,NA,NA
"2",68959911,69051328,91418,"+","havana","transcript",NA,NA,"ENSMUSG00000027035","10","Cers6","ensembl_havana","protein_coding","OTTMUSG00000012972","4","ENSMUST00000141498","1","Cers6-202","havana","retained_intron","OTTMUST00000031238","1",NA,"3",NA,NA,NA,NA,NA,NA
"2",79865036,79927791,62756,"-","havana","transcript",NA,NA,"ENSMUSG00000059173","19","Pde1a","ensembl_havana","protein_coding","OTTMUSG00000013315","7","ENSMUST00000134739","1","Pde1a-208","havana","protein_coding","OTTMUST00000032221","2","mRNA_start_NF","5",NA,NA,NA,NA,NA,NA
"2",90677215,90736328,59114,"+","ensembl_havana","gene",NA,NA,"ENSMUSG00000051329","13","Nup160","ensembl_havana","protein_coding","OTTMUSG00000014277","2",NA,NA,NA,NA,NA,NA,NA,NA,NA,NA,NA,NA,NA,NA,NA
"3",101377083,101463059,85977,"+","ensembl_havana","gene",NA,NA,"ENSMUSG00000042035","11","Igsf3","ensembl_havana","protein_coding","OTTMUSG00000052209","2",NA,NA,NA,NA,NA,NA,NA,NA,NA,NA,NA,NA,NA,NA,NA
"3",101407793,101409997,2205,"+","havana","exon",NA,NA,"ENSMUSG00000104639","1","Gm42939","havana","sense_intronic","OTTMUSG00000054470","1","ENSMUST00000197514","1","Gm42939-201","havana","sense_intronic","OTTMUST00000135071","1","basic","NA","1","ENSMUSE00001349076","1",NA,NA,NA
"3",109683610,109685698,2089,"+","ensembl_havana","three_prime_utr",NA,NA,"ENSMUSG00000033721","16","Vav3","ensembl_havana","protein_coding","OTTMUSG00000007363","5","ENSMUST00000046864","13","Vav3-201","ensembl_havana","protein_coding","OTTMUST00000017035","3","basic","1",NA,NA,NA,"CCDS17773",NA,NA
"3",122728947,122859374,130428,"+","ensembl_havana","gene",NA,NA,"ENSMUSG00000053965","10","Pde5a","ensembl_havana","protein_coding","OTTMUSG00000052456","7",NA,NA,NA,NA,NA,NA,NA,NA,NA,NA,NA,NA,NA,NA,NA
"3",130181484,130595102,413619,"+","havana","transcript",NA,NA,"ENSMUSG00000058897","18","Col25a1","ensembl_havana","protein_coding","OTTMUSG00000022680","6","ENSMUST00000238846","1","Col25a1-207","havana","protein_coding","OTTMUST00000182074","1","basic",NA,NA,NA,NA,NA,NA,NA
"3",135584655,135691547,106893,"-","ensembl_havana","gene",NA,NA,"ENSMUSG00000028163","17","Nfkb1","ensembl_havana","protein_coding","OTTMUSG00000016668","5",NA,NA,NA,NA,NA,NA,NA,NA,NA,NA,NA,NA,NA,NA,NA
"3",137933104,137981530,48427,"-","havana","transcript",NA,NA,"ENSMUSG00000028159","14","Dapp1","ensembl_havana","protein_coding","OTTMUSG00000022230","3","ENSMUST00000154716","1","Dapp1-204","havana","processed_transcript","OTTMUST00000052876","1",NA,"2",NA,NA,NA,NA,NA,NA
"3",140951876,140953247,1372,"+","havana","gene",NA,NA,"ENSMUSG00000106540","1","4930590L14Rik","havana","lincRNA","OTTMUSG00000053678","1",NA,NA,NA,NA,NA,NA,NA,NA,NA,NA,NA,NA,NA,NA,NA
"3",141465671,141830538,364868,"+","havana","transcript",NA,NA,"ENSMUSG00000059921","15","Unc5c","ensembl_havana","protein_coding","OTTMUSG00000025311","3","ENSMUST00000142762","1","Unc5c-205","havana","nonsense_mediated_decay","OTTMUST00000062300","1",NA,"1",NA,NA,NA,NA,NA,NA
"3",148817093,148954787,137695,"-","havana","transcript",NA,NA,"ENSMUSG00000028184","12","Adgrl2","ensembl_havana","protein_coding","OTTMUSG00000055224","2","ENSMUST00000199238","4","Adgrl2-214","havana","protein_coding","OTTMUST00000136767","1","basic","5",NA,NA,NA,NA,NA,NA
"3",19330773,19331084,312,"+","ensembl","exon",NA,NA,"ENSMUSG00000089149","1","Gm22282","ensembl","misc_RNA",NA,NA,"ENSMUST00000158524","1","Gm22282-201","ensembl","misc_RNA",NA,NA,"basic","NA","1","ENSMUSE00000847659","1",NA,NA,NA
"3",20058291,20118476,60186,"+","havana","transcript",NA,NA,"ENSMUSG00000002428","12","Hltf","ensembl_havana","protein_coding","OTTMUSG00000026001","4","ENSMUST00000145853","7","Hltf-204","havana","nonsense_mediated_decay","OTTMUST00000064153","1",NA,"1",NA,NA,NA,NA,NA,NA
"3",25433431,26153307,719877,"-","havana","transcript",NA,NA,"ENSMUSG00000063887","13","Nlgn1","ensembl_havana","protein_coding","OTTMUSG00000051161","1","ENSMUST00000191835","1","Nlgn1-203","havana","protein_coding","OTTMUST00000129615","1","basic","1",NA,NA,NA,"CCDS50874",NA,NA
"3",27501435,27711239,209805,"-","havana","transcript",NA,NA,"ENSMUSG00000039286","12","Fndc3b","ensembl_havana","protein_coding","OTTMUSG00000051189","2","ENSMUST00000193779","1","Fndc3b-203","havana","protein_coding","OTTMUST00000129647","2","mRNA_end_NF","2",NA,NA,NA,NA,NA,NA
"3",31202858,31310378,107521,"-","ensembl_havana","transcript",NA,NA,"ENSMUSG00000069072","9","Slc7a14","ensembl_havana","protein_coding","OTTMUSG00000022774","2","ENSMUST00000091259","8","Slc7a14-201","ensembl_havana","protein_coding","OTTMUST00000054679","2","basic","1",NA,NA,NA,"CCDS17291",NA,NA
"3",55626520,55786902,160383,"-","havana","transcript",NA,NA,"ENSMUSG00000027799","12","Nbea","ensembl_havana","protein_coding","OTTMUSG00000053045","7","ENSMUST00000199535","4","Nbea-208","havana","processed_transcript","OTTMUST00000133162","1",NA,"1",NA,NA,NA,NA,NA,NA
"3",83898209,84040175,141967,"-","havana","transcript",NA,NA,"ENSMUSG00000033767","14","Tmem131l","ensembl_havana","protein_coding","OTTMUSG00000051568","3","ENSMUST00000052342","8","Tmem131l-201","havana","protein_coding","OTTMUST00000130196","2","basic","5",NA,NA,NA,NA,NA,NA
"3",87906321,87916132,9812,"+","ensembl_havana","gene",NA,NA,"ENSMUSG00000004897","16","Hdgf","ensembl_havana","protein_coding","OTTMUSG00000027208","3",NA,NA,NA,NA,NA,NA,NA,NA,NA,NA,NA,NA,NA,NA,NA
"3",94377516,94397648,20133,"+","havana","transcript",NA,NA,"ENSMUSG00000028150","14","Rorc","ensembl_havana","protein_coding","OTTMUSG00000022692","1","ENSMUST00000200009","1","Rorc-204","havana","protein_coding","OTTMUST00000054425","1","basic","1",NA,NA,NA,NA,NA,NA
"4",10438815,10439743,929,"-","havana","exon",NA,NA,"ENSMUSG00000084215","3","Gm11814","havana","processed_pseudogene","OTTMUSG00000004445","1","ENSMUST00000119515","1","Gm11814-201","havana","processed_pseudogene","OTTMUST00000010055","1","basic","NA","1","ENSMUSE00000709124","1",NA,NA,NA
"4",106941698,106941954,257,"+","havana","exon",NA,NA,"ENSMUSG00000061887","14","Ssbp3","ensembl_havana","protein_coding","OTTMUSG00000008276","6","ENSMUST00000141963","7","Ssbp3-212","havana","processed_transcript","OTTMUST00000018908","4",NA,"1","1","ENSMUSE00000810294","1",NA,NA,NA
"4",107581203,107627471,46269,"+","havana","transcript",NA,NA,"ENSMUSG00000034762","9","Glis1","ensembl_havana","protein_coding","OTTMUSG00000008920","3","ENSMUST00000138211","7","Glis1-206","havana","processed_transcript","OTTMUST00000020342","1",NA,"5",NA,NA,NA,NA,NA,NA
"4",137184065,137184140,76,"+","ensembl","exon",NA,NA,"ENSMUSG00000092848","1","Gm23263","ensembl","miRNA",NA,NA,"ENSMUST00000175107","1","Gm23263-201","ensembl","miRNA",NA,NA,"basic","NA","1","ENSMUSE00000945755","1",NA,NA,NA
"4",14079809,14079940,132,"-","ensembl","exon",NA,NA,"ENSMUSG00000077701","1","Gm24068","ensembl","snoRNA",NA,NA,"ENSMUST00000104513","1","Gm24068-201","ensembl","snoRNA",NA,NA,"basic","NA","1","ENSMUSE00000664666","1",NA,NA,NA
"4",33681367,33681491,125,"-","ensembl","gene",NA,NA,"ENSMUSG00000077397","1","Gm24341","ensembl","snoRNA",NA,NA,NA,NA,NA,NA,NA,NA,NA,NA,NA,NA,NA,NA,NA,NA,NA
"4",3900996,3938423,37428,"-","ensembl_havana","gene",NA,NA,"ENSMUSG00000003282","9","Plag1","ensembl_havana","protein_coding","OTTMUSG00000004402","2",NA,NA,NA,NA,NA,NA,NA,NA,NA,NA,NA,NA,NA,NA,NA
"4",63831308,63834106,2799,"-","ensembl_havana","three_prime_utr",NA,NA,"ENSMUSG00000028362","2","Tnfsf8","ensembl_havana","protein_coding","OTTMUSG00000000301","1","ENSMUST00000030047","2","Tnfsf8-201","ensembl_havana","protein_coding","OTTMUST00000000772","1","basic","1",NA,NA,NA,"CCDS18264",NA,NA
"4",65380803,66404483,1023681,"-","ensembl","transcript",NA,NA,"ENSMUSG00000028373","16","Astn2","ensembl_havana","protein_coding","OTTMUSG00000000315","2","ENSMUST00000084496","2","Astn2-202","ensembl","protein_coding",NA,NA,"basic","5",NA,NA,NA,"CCDS18268",NA,NA
"4",67518306,67518932,627,"-","ensembl_havana","exon",NA,NA,"ENSMUSG00000080815","1","Hmgb1-rs18","ensembl_havana","processed_pseudogene","OTTMUSG00000000787","1","ENSMUST00000117940","1","Hmgb1-rs18-201","ensembl_havana","processed_pseudogene","OTTMUST00000001549","1","basic","NA","1","ENSMUSE00000712093","1",NA,NA,NA
"4",93453258,93671070,217813,"-","havana","transcript",NA,NA,"ENSMUSG00000084833","1","Gm12649","havana","lincRNA","OTTMUSG00000007835","1","ENSMUST00000137509","1","Gm12649-201","havana","lincRNA","OTTMUST00000017840","1","basic","3",NA,NA,NA,NA,NA,NA
"4",95524044,95524204,161,"+","ensembl","gene",NA,NA,"ENSMUSG00000065745","1","Gm25004","ensembl","snRNA",NA,NA,NA,NA,NA,NA,NA,NA,NA,NA,NA,NA,NA,NA,NA,NA,NA
"4",97777834,98118871,341038,"+","havana","transcript",NA,NA,"ENSMUSG00000028565","18","Nfia","ensembl_havana","protein_coding","OTTMUSG00000007951","3","ENSMUST00000107057","7","Nfia-204","havana","protein_coding","OTTMUST00000018039","1","basic","5",NA,NA,NA,NA,NA,NA
"5",111581422,111604932,23511,"+","ensembl_havana","gene",NA,NA,"ENSMUSG00000052848","7","C130026L21Rik","ensembl_havana","lincRNA","OTTMUSG00000054310","1",NA,NA,NA,NA,NA,NA,NA,NA,NA,NA,NA,NA,NA,NA,NA
"5",131439416,132541871,1102456,"-","havana","transcript",NA,NA,"ENSMUSG00000029673","17","Auts2","ensembl_havana","protein_coding","OTTMUSG00000034923","7","ENSMUST00000182974","7","Auts2-214","havana","processed_transcript","OTTMUST00000114454","1",NA,"5",NA,NA,NA,NA,NA,NA
"5",143403838,143421901,18064,"+","ensembl_havana","transcript",NA,NA,"ENSMUSG00000079111","3","Kdelr2","ensembl_havana","protein_coding","OTTMUSG00000054914","1","ENSMUST00000110731","3","Kdelr2-201","ensembl_havana","protein_coding","OTTMUST00000136090","1","basic","1",NA,NA,NA,"CCDS39369",NA,NA
"5",143651241,143708256,57016,"+","ensembl_havana","transcript",NA,NA,"ENSMUSG00000018001","18","Cyth3","ensembl_havana","protein_coding","OTTMUSG00000023404","6","ENSMUST00000110727","1","Cyth3-201","ensembl_havana","protein_coding","OTTMUST00000056847","1","basic","1",NA,NA,NA,"CCDS51691",NA,NA
"5",36966107,36988933,22827,"-","havana","transcript",NA,NA,"ENSMUSG00000039474","13","Wfs1","ensembl_havana","protein_coding","OTTMUSG00000035647","2","ENSMUST00000166339","7","Wfs1-202","havana","protein_coding","OTTMUST00000091242","1","basic","1",NA,NA,NA,NA,NA,NA
"5",51855220,51858775,3556,"-","havana","exon",NA,NA,"ENSMUSG00000105663","1","Gm43606","havana","TEC","OTTMUSG00000054557","1","ENSMUST00000195938","1","Gm43606-201","havana","TEC","OTTMUST00000135246","1","basic","NA","1","ENSMUSE00001349567","1",NA,NA,NA
"5",8144348,8368081,223734,"-","havana","transcript",NA,NA,"ENSMUSG00000040537","17","Adam22","ensembl_havana","protein_coding","OTTMUSG00000016341","5","ENSMUST00000115385","1","Adam22-205","havana","protein_coding","OTTMUST00000039272","1","basic","2",NA,NA,NA,NA,NA,NA
"5",84054761,84417382,362622,"-","ensembl_havana","gene",NA,NA,"ENSMUSG00000029245","16","Epha5","ensembl_havana","protein_coding","OTTMUSG00000021427","3",NA,NA,NA,NA,NA,NA,NA,NA,NA,NA,NA,NA,NA,NA,NA
"5",88720977,88750009,29033,"+","havana","transcript",NA,NA,"ENSMUSG00000006262","15","Mob1b","ensembl_havana","protein_coding","OTTMUSG00000025213","3","ENSMUST00000125171","1","Mob1b-203","havana","retained_intron","OTTMUST00000062100","1",NA,"1",NA,NA,NA,NA,NA,NA
"5",90608799,90608992,194,"-","havana","CDS",NA,2,"ENSMUSG00000029370","10","Rassf6","ensembl_havana","protein_coding","OTTMUSG00000055490","2","ENSMUST00000202704","3","Rassf6-205","havana","protein_coding","OTTMUST00000137340","1","basic","5","6",NA,NA,"CCDS39142","ENSMUSP00000144532","1"
"5",96940297,96940781,485,"+","havana","exon",NA,NA,"ENSMUSG00000105257","1","Gm43144","havana","TEC","OTTMUSG00000053304","1","ENSMUST00000198256","1","Gm43144-201","havana","TEC","OTTMUST00000133136","1","basic","NA","1","ENSMUSE00001348434","1",NA,NA,NA
"6",112273758,112330425,56668,"+","ensembl_havana","transcript",NA,NA,"ENSMUSG00000057604","9","Lmcd1","ensembl_havana","protein_coding","OTTMUSG00000021202","1","ENSMUST00000032376","5","Lmcd1-201","ensembl_havana","protein_coding","OTTMUST00000050228","1","basic","1",NA,NA,NA,"CCDS20403",NA,NA
"6",140432989,140553029,120041,"+","havana","transcript",NA,NA,"ENSMUSG00000030231","11","Plekha5","ensembl_havana","protein_coding","OTTMUSG00000056993","3","ENSMUST00000203774","2","Plekha5-206","havana","protein_coding","OTTMUST00000140452","1","basic","1",NA,NA,NA,NA,NA,NA
"6",144693260,144693834,575,"+","havana","exon",NA,NA,"ENSMUSG00000085785","7","Sox5os3","havana","antisense","OTTMUSG00000025297","1","ENSMUST00000139351","7","Sox5os3-201","havana","antisense","OTTMUST00000062263","1","basic","1","3","ENSMUSE00000822631","1",NA,NA,NA
"6",149172862,149188702,15841,"-","havana","exon",NA,NA,"ENSMUSG00000068250","13","Amn1","ensembl_havana","protein_coding","OTTMUSG00000024377","5","ENSMUST00000203043","1","Amn1-210","havana","retained_intron","OTTMUST00000141469","1",NA,"NA","1","ENSMUSE00001364558","1",NA,NA,NA
"6",21950020,21967671,17652,"+","havana","transcript",NA,NA,"ENSMUSG00000029670","12","Ing3","ensembl_havana","protein_coding","OTTMUSG00000017304","5","ENSMUST00000149728","6","Ing3-206","havana","protein_coding","OTTMUST00000041998","3","mRNA_end_NF","2",NA,NA,NA,NA,NA,NA
"6",23648874,23648908,35,"-","havana","three_prime_utr",NA,NA,"ENSMUSG00000051956","4","Rnf133","ensembl_havana","protein_coding","OTTMUSG00000022890","1","ENSMUST00000115354","1","Rnf133-202","havana","protein_coding","OTTMUST00000055053","1","basic","NA",NA,NA,NA,NA,NA,NA
"6",40110251,40248437,138187,"+","ensembl_havana","transcript",NA,NA,"ENSMUSG00000057716","7","Tmem178b","ensembl_havana","protein_coding","OTTMUSG00000042925","2","ENSMUST00000061740","7","Tmem178b-201","ensembl_havana","protein_coding","OTTMUST00000112745","1","basic","1",NA,NA,NA,"CCDS39465",NA,NA
"6",60814691,60828872,14182,"-","havana","transcript",NA,NA,"ENSMUSG00000025889","13","Snca","ensembl_havana","protein_coding","OTTMUSG00000057624","2","ENSMUST00000203177","1","Snca-203","havana","retained_intron","OTTMUST00000141610","1",NA,"1",NA,NA,NA,NA,NA,NA
"6",72318678,72319191,514,"-","ensembl_havana","three_prime_utr",NA,NA,"ENSMUSG00000056305","4","Usp39","ensembl_havana","protein_coding","OTTMUSG00000023516","2","ENSMUST00000070345","4","Usp39-201","ensembl_havana","protein_coding","OTTMUST00000057291","1","basic","1",NA,NA,NA,"CCDS20238",NA,NA
"6",72626378,72789254,162877,"-","ensembl_havana","gene",NA,NA,"ENSMUSG00000055799","13","Tcf7l1","ensembl_havana","protein_coding","OTTMUSG00000021200","4",NA,NA,NA,NA,NA,NA,NA,NA,NA,NA,NA,NA,NA,NA,NA
"6",73310218,73310641,424,"-","havana","gene",NA,NA,"ENSMUSG00000107931","1","Gm44475","havana","processed_pseudogene","OTTMUSG00000057861","1",NA,NA,NA,NA,NA,NA,NA,NA,NA,NA,NA,NA,NA,NA,NA
"6",88103548,88105304,1757,"+","ensembl_havana","three_prime_utr",NA,NA,"ENSMUSG00000030062","7","Rpn1","ensembl_havana","protein_coding","OTTMUSG00000057340","1","ENSMUST00000032143","7","Rpn1-201","ensembl_havana","protein_coding","OTTMUST00000141085","1","basic","1",NA,NA,NA,"CCDS20332",NA,NA
"7",135593388,135683355,89968,"+","havana","transcript",NA,NA,"ENSMUSG00000041836","10","Ptpre","ensembl_havana","protein_coding","OTTMUSG00000060356","3","ENSMUST00000211788","1","Ptpre-208","havana","protein_coding","OTTMUST00000147695","1","basic","1",NA,NA,NA,"CCDS85445",NA,NA
"7",141051589,141053022,1434,"+","havana","gene",NA,NA,"ENSMUSG00000109703","1","Gm45299","havana","transcribed_processed_pseudogene","OTTMUSG00000060384","1",NA,NA,NA,NA,NA,NA,NA,NA,NA,NA,NA,NA,NA,NA,NA
"7",19724161,19749533,25373,"-","ensembl_havana","transcript",NA,NA,"ENSMUSG00000062300","14","Nectin2","ensembl_havana","protein_coding","OTTMUSG00000059280","2","ENSMUST00000108450","4","Nectin2-202","ensembl_havana","protein_coding","OTTMUST00000145501","2","basic","1",NA,NA,NA,"CCDS52063",NA,NA
"7",24370338,24384759,14422,"+","havana","transcript",NA,NA,"ENSMUSG00000054342","8","Kcnn4","ensembl_havana","protein_coding","OTTMUSG00000058076","1","ENSMUST00000205626","1","Kcnn4-203","havana","protein_coding","OTTMUST00000142594","1","basic","5",NA,NA,NA,NA,NA,NA
"7",43441576,43443299,1724,"+","havana","transcript",NA,NA,"ENSMUSG00000038973","2","Cldnd2","ensembl_havana","protein_coding","OTTMUSG00000058529","1","ENSMUST00000206839","1","Cldnd2-202","havana","protein_coding","OTTMUST00000143710","1","basic","2",NA,NA,NA,"CCDS39929",NA,NA
"7",43561319,43561676,358,"+","havana","gene",NA,NA,"ENSMUSG00000108411","1","Gm44818","havana","lincRNA","OTTMUSG00000058534","1",NA,NA,NA,NA,NA,NA,NA,NA,NA,NA,NA,NA,NA,NA,NA
"7",48866429,48867046,618,"-","havana","three_prime_utr",NA,NA,"ENSMUSG00000046179","17","E2f8","ensembl_havana","protein_coding","OTTMUSG00000029718","2","ENSMUST00000119223","1","E2f8-202","havana","protein_coding","OTTMUST00000073728","1","basic","1",NA,NA,NA,"CCDS39967",NA,NA
"7",63891400,63924870,33471,"-","havana","transcript",NA,NA,"ENSMUSG00000052040","10","Klf13","ensembl_havana","protein_coding","OTTMUSG00000044885","7","ENSMUST00000183817","1","Klf13-202","havana","protein_coding","OTTMUST00000117942","2","basic","1",NA,NA,NA,NA,NA,NA
"7",66764169,66821842,57674,"+","havana","transcript",NA,NA,"ENSMUSG00000030510","11","Cers3","ensembl_havana","protein_coding","OTTMUSG00000042001","4","ENSMUST00000208521","1","Cers3-202","havana","protein_coding","OTTMUST00000146524","1","basic","1",NA,NA,NA,NA,NA,NA
"7",88430273,88491572,61300,"+","ensembl_havana","gene",NA,NA,"ENSMUSG00000030559","8","Rab38","ensembl_havana","protein_coding","OTTMUSG00000025016","2",NA,NA,NA,NA,NA,NA,NA,NA,NA,NA,NA,NA,NA,NA,NA
"7",90048695,90049069,375,"+","havana","exon",NA,NA,"ENSMUSG00000097585","2","E230029C05Rik","ensembl_havana","processed_transcript","OTTMUSG00000059706","2","ENSMUST00000208266","1","E230029C05Rik-204","havana","antisense","OTTMUST00000146400","1","basic","1","6","ENSMUSE00001380625","1",NA,NA,NA
"7",92875300,92934014,58715,"+","havana","transcript",NA,NA,"ENSMUSG00000061119","7","Prcp","ensembl_havana","protein_coding","OTTMUSG00000059925","1","ENSMUST00000207594","1","Prcp-202","havana","protein_coding","OTTMUST00000146809","1","basic","1",NA,NA,NA,NA,NA,NA
"8",106011522,106030883,19362,"+","havana","transcript",NA,NA,"ENSMUSG00000031901","12","Dus2","ensembl_havana","protein_coding","OTTMUSG00000031188","3","ENSMUST00000141374","1","Dus2-204","havana","retained_intron","OTTMUST00000077282","1",NA,"2",NA,NA,NA,NA,NA,NA
"8",116995679,117082449,86771,"-","ensembl","transcript",NA,NA,"ENSMUSG00000034416","18","Pkd1l2","ensembl_havana","protein_coding","OTTMUSG00000021101","4","ENSMUST00000098375","5","Pkd1l2-201","ensembl","protein_coding",NA,NA,"basic","5",NA,NA,NA,"CCDS57646",NA,NA
"8",117498291,117635142,136852,"+","ensembl_havana","transcript",NA,NA,"ENSMUSG00000034330","10","Plcg2","ensembl_havana","protein_coding","OTTMUSG00000061722","1","ENSMUST00000081232","8","Plcg2-201","ensembl_havana","protein_coding","OTTMUST00000150630","1","basic","1",NA,NA,NA,"CCDS22700",NA,NA
"8",122307320,122323775,16456,"+","havana","transcript",NA,NA,"ENSMUSG00000049577","15","Zfpm1","ensembl_havana","protein_coding","OTTMUSG00000042121","3","ENSMUST00000176883","1","Zfpm1-203","havana","processed_transcript","OTTMUST00000110498","1",NA,"3",NA,NA,NA,NA,NA,NA
"8",14945301,15001082,55782,"+","havana","transcript",NA,NA,"ENSMUSG00000071176","10","Arhgef10","ensembl_havana","protein_coding","OTTMUSG00000034037","5","ENSMUST00000163062","1","Arhgef10-207","havana","protein_coding","OTTMUST00000086116","2","mRNA_start_NF","5",NA,NA,NA,NA,NA,NA
"8",14945301,15001082,55782,"+","havana","transcript",NA,NA,"ENSMUSG00000071176","10","Arhgef10","ensembl_havana","protein_coding","OTTMUSG00000034037","5","ENSMUST00000163062","1","Arhgef10-207","havana","protein_coding","OTTMUST00000086116","2","mRNA_start_NF","5",NA,NA,NA,NA,NA,NA
"8",38659763,38671066,11304,"+","havana","transcript",NA,NA,"ENSMUSG00000110236","1","Gm40493","havana","antisense","OTTMUSG00000061091","1","ENSMUST00000210223","1","Gm40493-201","havana","antisense","OTTMUST00000149234","1","basic","3",NA,NA,NA,NA,NA,NA
"8",4652064,4652477,414,"+","havana","exon",NA,NA,"ENSMUSG00000109448","1","Gm45224","havana","processed_pseudogene","OTTMUSG00000059758","1","ENSMUST00000208203","1","Gm45224-201","havana","processed_pseudogene","OTTMUST00000146487","1","basic","NA","1","ENSMUSE00001377216","1",NA,NA,NA
"8",64811767,64842197,30431,"-","havana","transcript",NA,NA,"ENSMUSG00000031605","8","Klhl2","ensembl_havana","protein_coding","OTTMUSG00000061229","2","ENSMUST00000209544","1","Klhl2-203","havana","processed_transcript","OTTMUST00000149481","1",NA,"3",NA,NA,NA,NA,NA,NA
"8",87661812,87895735,233924,"-","havana","transcript",NA,NA,"ENSMUSG00000045333","15","Zfp423","ensembl_havana","protein_coding","OTTMUSG00000036956","2","ENSMUST00000052250","14","Zfp423-201","havana","protein_coding","OTTMUST00000094960","1","basic","1",NA,NA,NA,NA,NA,NA
"8",88272403,88329039,56637,"+","ensembl_havana","transcript",NA,NA,"ENSMUSG00000031659","13","Adcy7","ensembl_havana","protein_coding","OTTMUSG00000061472","1","ENSMUST00000169037","8","Adcy7-203","ensembl_havana","protein_coding","OTTMUST00000150015","1","basic","1",NA,NA,NA,"CCDS22509",NA,NA
"9",115682072,115682263,192,"+","havana","exon",NA,NA,"ENSMUSG00000110905","1","Gm48007","havana","lincRNA","OTTMUSG00000062870","1","ENSMUST00000215982","1","Gm48007-201","havana","lincRNA","OTTMUST00000153122","1","basic","2","2","ENSMUSE00001400502","1",NA,NA,NA
"9",124128748,124147699,18952,"+","havana","transcript",NA,NA,"ENSMUSG00000079227","10","Ccr5","ensembl_havana","protein_coding","OTTMUSG00000035282","5","ENSMUST00000097855","3","Ccr5-201","havana","nonsense_mediated_decay","OTTMUST00000089985","2","mRNA_start_NF","3",NA,NA,NA,NA,NA,NA
"9",7764165,7794328,30164,"+","havana","transcript",NA,NA,"ENSMUSG00000050912","15","Tmem123","ensembl_havana","protein_coding","OTTMUSG00000034120","1","ENSMUST00000154371","1","Tmem123-203","havana","nonsense_mediated_decay","OTTMUST00000086322","1",NA,"1",NA,NA,NA,NA,NA,NA
"9",80709995,80713723,3729,"+","havana","gene",NA,NA,"ENSMUSG00000111717","1","Gm39380","havana","lincRNA","OTTMUSG00000062967","1",NA,NA,NA,NA,NA,NA,NA,NA,NA,NA,NA,NA,NA,NA,NA
"9",84107507,84124240,16734,"+","havana","transcript",NA,NA,"ENSMUSG00000032263","14","Bckdhb","ensembl_havana","protein_coding","OTTMUSG00000044979","2","ENSMUST00000186136","1","Bckdhb-202","havana","processed_transcript","OTTMUST00000118112","1",NA,"3",NA,NA,NA,NA,NA,NA
"9",90241163,90255927,14765,"-","havana","transcript",NA,NA,"ENSMUSG00000037410","13","Tbc1d2b","ensembl_havana","protein_coding","OTTMUSG00000031688","3","ENSMUST00000144646","2","Tbc1d2b-204","havana","processed_transcript","OTTMUST00000078506","1",NA,"5",NA,NA,NA,NA,NA,NA
